Trial_ID,Run_ID,Lexical_Combo_ID,Condition_Code,Structure,Grammaticality,Sentence_String,Is_Filler,Expected_Verb,Verb_Form,Verb_Lemma,Verb_Type,Subject_Lemma,Subject_Gender,Subject_Number,PP1_Lemma,PP1_Gender,PP1_Number,PP1_Preposition,PP2_Lemma,PP2_Gender,PP2_Number,PP2_Preposition,Delayed_Repetition,Delay_ms,Go_Beep,Audio_Normalization_Note
T001,1,R1_C10,R1_grammatical_SSP1SP2P_medium,medium,grammatical,"Dans l'université, l'éditeur devant les écoles est serein.",False,est,est,être,copula,éditeur,m,singular,université,f,singular,dans,école,f,plural,devant,True,1750,True,Normalize pre-verb pause and verb duration across conditions.
T002,1,R1_C08,R1_grammatical_SPP1PP2S_short,short,grammatical,"Dans les auditoriums, devant l'établissement, les écrivaines sont concentrées.",False,sont,sont,être,copula,écrivaine,f,plural,auditorium,m,plural,dans,établissement,m,singular,devant,True,1500,True,Normalize pre-verb pause and verb duration across conditions.
T003,1,R1_C07,R1_grammatical_SSP1PP2P_long,long,grammatical,L'étudiante dans les universités devant les écoles finit un article.,False,finit,finit,finir,lexical_2,étudiante,f,singular,université,f,plural,dans,école,f,plural,devant,True,1250,True,Normalize pre-verb pause and verb duration across conditions.
T004,1,R1_C12,R1_grammatical_SSP1PP2S_short,short,grammatical,"Dans les instituts, près de l'entrée, l'éditeur réussit un examen.",False,réussit,réussit,réussir,lexical_2,éditeur,m,singular,institut,m,plural,dans,entrée,f,singular,près de,True,2000,True,Normalize pre-verb pause and verb duration across conditions.
T005,1,R1_C05,R1_grammatical_SPP1SP2S_medium,medium,grammatical,"Dans l'université, les économistes près de l'établissement lisent un email.",False,lisent,lisent,lire,lexical_3,économiste,m,plural,université,f,singular,dans,établissement,m,singular,près de,True,2000,True,Normalize pre-verb pause and verb duration across conditions.
T006,1,R1_C10,R1_grammatical_SSP1SP2P_short,short,grammatical,"Dans l'université, devant les écoles, l'éditeur est serein.",False,est,est,être,copula,éditeur,m,singular,université,f,singular,dans,école,f,plural,devant,True,1000,True,Normalize pre-verb pause and verb duration across conditions.
T007,1,R1_C12,R1_grammatical_SSP1PP2S_medium,medium,grammatical,"Dans les instituts, l'éditeur près de l'entrée réussit un examen.",False,réussit,réussit,réussir,lexical_2,éditeur,m,singular,institut,m,plural,dans,entrée,f,singular,près de,True,1750,True,Normalize pre-verb pause and verb duration across conditions.
T008,1,R1_C09,R1_violation_SSP1SP2S_short,short,violation,"Dans l'amphithéâtre, près de l'arène, l'organisatrice sont attentive.",False,est,sont,être,copula,organisatrice,f,singular,amphithéâtre,m,singular,dans,arène,f,singular,près de,True,1000,True,Normalize pre-verb pause and verb duration across conditions.
T009,1,R1_C03,R1_violation_SPP1SP2S_long,long,violation,Les éditrices dans l'établissement près de l'office est concentrées.,False,sont,est,être,copula,éditrice,f,plural,établissement,m,singular,dans,office,m,singular,près de,True,1750,True,Normalize pre-verb pause and verb duration across conditions.
T010,1,R1_C02,R1_violation_SPP1PP2S_short,short,violation,"Dans les usines, près de l'office, les électriciens finit un dossier.",False,finissent,finit,finir,lexical_2,électricien,m,plural,usine,f,plural,dans,office,m,singular,près de,True,1250,True,Normalize pre-verb pause and verb duration across conditions.
T011,1,R1_C16,R1_violation_SPP1PP2P_short,short,violation,"Dans les arènes, près des observatoires, les orateurs est fiables.",False,sont,est,être,copula,orateur,m,plural,arène,f,plural,dans,observatoire,m,plural,près de,True,1500,True,Normalize pre-verb pause and verb duration across conditions.
T012,1,R1_C01,R1_violation_SSP1PP2S_long,long,violation,L'acteur dans les auditoriums derrière l'église boivent un café.,False,boit,boivent,boire,lexical_3,acteur,m,singular,auditorium,m,plural,dans,église,f,singular,derrière,True,1000,True,Normalize pre-verb pause and verb duration across conditions.
T013,1,R1_C15,R1_grammatical_SPP1SP2P_long,long,grammatical,Les éditrices dans l'école près des établissements finissent un article.,False,finissent,finissent,finir,lexical_2,éditrice,f,plural,école,f,singular,dans,établissement,m,plural,près de,True,1500,True,Normalize pre-verb pause and verb duration across conditions.
T014,1,R1_C04,R1_grammatical_SPP1PP2P_short,short,grammatical,"Dans les immeubles, près des agences, les éditrices sont fiables.",False,sont,sont,être,copula,éditrice,f,plural,immeuble,m,plural,dans,agence,f,plural,près de,True,1000,True,Normalize pre-verb pause and verb duration across conditions.
T015,1,R1_C06,R1_violation_SSP1SP2P_long,long,violation,L'acteur dans l'amphithéâtre derrière les églises boivent un café.,False,boit,boivent,boire,lexical_3,acteur,m,singular,amphithéâtre,m,singular,dans,église,f,plural,derrière,True,2000,True,Normalize pre-verb pause and verb duration across conditions.
T016,1,R1_C09,R1_violation_SSP1SP2S_medium,medium,violation,"Dans l'amphithéâtre, l'organisatrice près de l'arène sont attentive.",False,est,sont,être,copula,organisatrice,f,singular,amphithéâtre,m,singular,dans,arène,f,singular,près de,True,1750,True,Normalize pre-verb pause and verb duration across conditions.
T017,1,R1_C13,R1_grammatical_SSP1SP2S_long,long,grammatical,L'autrice dans l'université près de l'office lit un email.,False,lit,lit,lire,lexical_3,autrice,f,singular,université,f,singular,dans,office,m,singular,près de,True,1500,True,Normalize pre-verb pause and verb duration across conditions.
T018,1,R1_C14,R1_violation_SPP1SP2P_long,long,violation,Les écrivaines dans l'amphithéâtre près des observatoires est calmes.,False,sont,est,être,copula,écrivaine,f,plural,amphithéâtre,m,singular,dans,observatoire,m,plural,près de,True,1000,True,Normalize pre-verb pause and verb duration across conditions.
T019,1,R1_C05,R1_grammatical_SPP1SP2S_long,long,grammatical,Les économistes dans l'université près de l'établissement lisent un email.,False,lisent,lisent,lire,lexical_3,économiste,m,plural,université,f,singular,dans,établissement,m,singular,près de,True,1250,True,Normalize pre-verb pause and verb duration across conditions.
T020,1,R1_C09,R1_violation_SSP1SP2S_long,long,violation,L'organisatrice dans l'amphithéâtre près de l'arène sont attentive.,False,est,sont,être,copula,organisatrice,f,singular,amphithéâtre,m,singular,dans,arène,f,singular,près de,True,1500,True,Normalize pre-verb pause and verb duration across conditions.
T021,1,R1_C07,R1_grammatical_SSP1PP2P_medium,medium,grammatical,"Dans les universités, l'étudiante devant les écoles finit un article.",False,finit,finit,finir,lexical_2,étudiante,f,singular,université,f,plural,dans,école,f,plural,devant,True,1500,True,Normalize pre-verb pause and verb duration across conditions.
T022,1,R1_C14,R1_violation_SPP1SP2P_medium,medium,violation,"Dans l'amphithéâtre, les écrivaines près des observatoires est calmes.",False,sont,est,être,copula,écrivaine,f,plural,amphithéâtre,m,singular,dans,observatoire,m,plural,près de,True,1250,True,Normalize pre-verb pause and verb duration across conditions.
T023,1,R1_C13,R1_grammatical_SSP1SP2S_medium,medium,grammatical,"Dans l'université, l'autrice près de l'office lit un email.",False,lit,lit,lire,lexical_3,autrice,f,singular,université,f,singular,dans,office,m,singular,près de,True,1750,True,Normalize pre-verb pause and verb duration across conditions.
T024,1,R1_C08,R1_grammatical_SPP1PP2S_long,long,grammatical,Les écrivaines dans les auditoriums devant l'établissement sont concentrées.,False,sont,sont,être,copula,écrivaine,f,plural,auditorium,m,plural,dans,établissement,m,singular,devant,True,1500,True,Normalize pre-verb pause and verb duration across conditions.
T025,1,R1_C16,R1_violation_SPP1PP2P_long,long,violation,Les orateurs dans les arènes près des observatoires est fiables.,False,sont,est,être,copula,orateur,m,plural,arène,f,plural,dans,observatoire,m,plural,près de,True,1500,True,Normalize pre-verb pause and verb duration across conditions.
T026,1,R1_C15,R1_grammatical_SPP1SP2P_short,short,grammatical,"Dans l'école, près des établissements, les éditrices finissent un article.",False,finissent,finissent,finir,lexical_2,éditrice,f,plural,école,f,singular,dans,établissement,m,plural,près de,True,1250,True,Normalize pre-verb pause and verb duration across conditions.
T027,1,R1_C03,R1_violation_SPP1SP2S_short,short,violation,"Dans l'établissement, près de l'office, les éditrices est concentrées.",False,sont,est,être,copula,éditrice,f,plural,établissement,m,singular,dans,office,m,singular,près de,True,1000,True,Normalize pre-verb pause and verb duration across conditions.
T028,1,R1_C02,R1_violation_SPP1PP2S_long,long,violation,Les électriciens dans les usines près de l'office finit un dossier.,False,finissent,finit,finir,lexical_2,électricien,m,plural,usine,f,plural,dans,office,m,singular,près de,True,1250,True,Normalize pre-verb pause and verb duration across conditions.
T029,1,R1_C08,R1_grammatical_SPP1PP2S_medium,medium,grammatical,"Dans les auditoriums, les écrivaines devant l'établissement sont concentrées.",False,sont,sont,être,copula,écrivaine,f,plural,auditorium,m,plural,dans,établissement,m,singular,devant,True,1750,True,Normalize pre-verb pause and verb duration across conditions.
T030,1,R1_C06,R1_violation_SSP1SP2P_medium,medium,violation,"Dans l'amphithéâtre, l'acteur derrière les églises boivent un café.",False,boit,boivent,boire,lexical_3,acteur,m,singular,amphithéâtre,m,singular,dans,église,f,plural,derrière,True,1000,True,Normalize pre-verb pause and verb duration across conditions.
T031,1,R1_C14,R1_violation_SPP1SP2P_short,short,violation,"Dans l'amphithéâtre, près des observatoires, les écrivaines est calmes.",False,sont,est,être,copula,écrivaine,f,plural,amphithéâtre,m,singular,dans,observatoire,m,plural,près de,True,1750,True,Normalize pre-verb pause and verb duration across conditions.
T032,1,R1_C11,R1_violation_SSP1PP2P_long,long,violation,L'artisan devant les avenues près des agences sont fiable.,False,est,sont,être,copula,artisan,m,singular,avenue,f,plural,devant,agence,f,plural,près de,True,1000,True,Normalize pre-verb pause and verb duration across conditions.
T033,1,R1_C12,R1_grammatical_SSP1PP2S_long,long,grammatical,L'éditeur dans les instituts près de l'entrée réussit un examen.,False,réussit,réussit,réussir,lexical_2,éditeur,m,singular,institut,m,plural,dans,entrée,f,singular,près de,True,1750,True,Normalize pre-verb pause and verb duration across conditions.
T034,1,R1_C03,R1_violation_SPP1SP2S_medium,medium,violation,"Dans l'établissement, les éditrices près de l'office est concentrées.",False,sont,est,être,copula,éditrice,f,plural,établissement,m,singular,dans,office,m,singular,près de,True,1750,True,Normalize pre-verb pause and verb duration across conditions.
T035,1,R1_C10,R1_grammatical_SSP1SP2P_long,long,grammatical,L'éditeur dans l'université devant les écoles est serein.,False,est,est,être,copula,éditeur,m,singular,université,f,singular,dans,école,f,plural,devant,True,2000,True,Normalize pre-verb pause and verb duration across conditions.
T036,1,R1_C15,R1_grammatical_SPP1SP2P_medium,medium,grammatical,"Dans l'école, les éditrices près des établissements finissent un article.",False,finissent,finissent,finir,lexical_2,éditrice,f,plural,école,f,singular,dans,établissement,m,plural,près de,True,1250,True,Normalize pre-verb pause and verb duration across conditions.
T037,1,R1_C06,R1_violation_SSP1SP2P_short,short,violation,"Dans l'amphithéâtre, derrière les églises, l'acteur boivent un café.",False,boit,boivent,boire,lexical_3,acteur,m,singular,amphithéâtre,m,singular,dans,église,f,plural,derrière,True,1000,True,Normalize pre-verb pause and verb duration across conditions.
T038,1,R1_C01,R1_violation_SSP1PP2S_short,short,violation,"Dans les auditoriums, derrière l'église, l'acteur boivent un café.",False,boit,boivent,boire,lexical_3,acteur,m,singular,auditorium,m,plural,dans,église,f,singular,derrière,True,1500,True,Normalize pre-verb pause and verb duration across conditions.
T039,1,R1_C11,R1_violation_SSP1PP2P_medium,medium,violation,"Devant les avenues, l'artisan près des agences sont fiable.",False,est,sont,être,copula,artisan,m,singular,avenue,f,plural,devant,agence,f,plural,près de,True,1500,True,Normalize pre-verb pause and verb duration across conditions.
T040,1,R1_C05,R1_grammatical_SPP1SP2S_short,short,grammatical,"Dans l'université, près de l'établissement, les économistes lisent un email.",False,lisent,lisent,lire,lexical_3,économiste,m,plural,université,f,singular,dans,établissement,m,singular,près de,True,1500,True,Normalize pre-verb pause and verb duration across conditions.
T041,1,R1_C11,R1_violation_SSP1PP2P_short,short,violation,"Devant les avenues, près des agences, l'artisan sont fiable.",False,est,sont,être,copula,artisan,m,singular,avenue,f,plural,devant,agence,f,plural,près de,True,2000,True,Normalize pre-verb pause and verb duration across conditions.
T042,1,R1_C04,R1_grammatical_SPP1PP2P_medium,medium,grammatical,"Dans les immeubles, les éditrices près des agences sont fiables.",False,sont,sont,être,copula,éditrice,f,plural,immeuble,m,plural,dans,agence,f,plural,près de,True,1250,True,Normalize pre-verb pause and verb duration across conditions.
T043,1,R1_C07,R1_grammatical_SSP1PP2P_short,short,grammatical,"Dans les universités, devant les écoles, l'étudiante finit un article.",False,finit,finit,finir,lexical_2,étudiante,f,singular,université,f,plural,dans,école,f,plural,devant,True,1000,True,Normalize pre-verb pause and verb duration across conditions.
T044,1,R1_C02,R1_violation_SPP1PP2S_medium,medium,violation,"Dans les usines, les électriciens près de l'office finit un dossier.",False,finissent,finit,finir,lexical_2,électricien,m,plural,usine,f,plural,dans,office,m,singular,près de,True,1500,True,Normalize pre-verb pause and verb duration across conditions.
T045,1,R1_C13,R1_grammatical_SSP1SP2S_short,short,grammatical,"Dans l'université, près de l'office, l'autrice lit un email.",False,lit,lit,lire,lexical_3,autrice,f,singular,université,f,singular,dans,office,m,singular,près de,True,2000,True,Normalize pre-verb pause and verb duration across conditions.
T046,1,R1_C04,R1_grammatical_SPP1PP2P_long,long,grammatical,Les éditrices dans les immeubles près des agences sont fiables.,False,sont,sont,être,copula,éditrice,f,plural,immeuble,m,plural,dans,agence,f,plural,près de,True,2000,True,Normalize pre-verb pause and verb duration across conditions.
T047,1,R1_C01,R1_violation_SSP1PP2S_medium,medium,violation,"Dans les auditoriums, l'acteur derrière l'église boivent un café.",False,boit,boivent,boire,lexical_3,acteur,m,singular,auditorium,m,plural,dans,église,f,singular,derrière,True,1500,True,Normalize pre-verb pause and verb duration across conditions.
T048,1,R1_C16,R1_violation_SPP1PP2P_medium,medium,violation,"Dans les arènes, les orateurs près des observatoires est fiables.",False,sont,est,être,copula,orateur,m,plural,arène,f,plural,dans,observatoire,m,plural,près de,True,1750,True,Normalize pre-verb pause and verb duration across conditions.
T049,2,R2_C02,R2_violation_SPP1PP2S_long,long,violation,Les écrivaines dans les auditoriums près de l'établissement est attentives.,False,sont,est,être,copula,écrivaine,f,plural,auditorium,m,plural,dans,établissement,m,singular,près de,True,1750,True,Normalize pre-verb pause and verb duration across conditions.
T050,2,R2_C16,R2_grammatical_SSP1PP2P_medium,medium,grammatical,"Dans les établissements, l'étudiante devant les écoles finit un exercice.",False,finit,finit,finir,lexical_2,étudiante,f,singular,établissement,m,plural,dans,école,f,plural,devant,True,2000,True,Normalize pre-verb pause and verb duration across conditions.
T051,2,R2_C09,R2_grammatical_SSP1SP2P_medium,medium,grammatical,"Dans l'office, l'éditeur près des agences est calme.",False,est,est,être,copula,éditeur,m,singular,office,m,singular,dans,agence,f,plural,près de,True,1000,True,Normalize pre-verb pause and verb duration across conditions.
T052,2,R2_C11,R2_grammatical_SPP1SP2S_short,short,grammatical,"Dans l'agence, près de l'office, les avocats lisent un email.",False,lisent,lisent,lire,lexical_3,avocat,m,plural,agence,f,singular,dans,office,m,singular,près de,True,1500,True,Normalize pre-verb pause and verb duration across conditions.
T053,2,R2_C14,R2_violation_SPP1SP2S_medium,medium,violation,"Dans l'amphithéâtre, les orateurs près de l'arène est sereins.",False,sont,est,être,copula,orateur,m,plural,amphithéâtre,m,singular,dans,arène,f,singular,près de,True,1500,True,Normalize pre-verb pause and verb duration across conditions.
T054,2,R2_C06,R2_violation_SPP1SP2P_long,long,violation,Les électriciennes dans l'usine près des agences est concentrées.,False,sont,est,être,copula,électricienne,f,plural,usine,f,singular,dans,agence,f,plural,près de,True,1500,True,Normalize pre-verb pause and verb duration across conditions.
T055,2,R2_C10,R2_grammatical_SSP1SP2S_short,short,grammatical,"Dans l'institut, près de l'entrée, l'étudiant est attentif.",False,est,est,être,copula,étudiant,m,singular,institut,m,singular,dans,entrée,f,singular,près de,True,1750,True,Normalize pre-verb pause and verb duration across conditions.
T056,2,R2_C10,R2_grammatical_SSP1SP2S_long,long,grammatical,L'étudiant dans l'institut près de l'entrée est attentif.,False,est,est,être,copula,étudiant,m,singular,institut,m,singular,dans,entrée,f,singular,près de,True,1750,True,Normalize pre-verb pause and verb duration across conditions.
T057,2,R2_C08,R2_violation_SSP1PP2P_long,long,violation,L'étudiant dans les écoles devant les établissements lisent un article.,False,lit,lisent,lire,lexical_3,étudiant,m,singular,école,f,plural,dans,établissement,m,plural,devant,True,1750,True,Normalize pre-verb pause and verb duration across conditions.
T058,2,R2_C05,R2_grammatical_SPP1PP2S_short,short,grammatical,"Dans les auditoriums, devant l'établissement, les écrivaines lisent un article.",False,lisent,lisent,lire,lexical_3,écrivaine,f,plural,auditorium,m,plural,dans,établissement,m,singular,devant,True,1750,True,Normalize pre-verb pause and verb duration across conditions.
T059,2,R2_C07,R2_violation_SSP1SP2P_short,short,violation,"Dans l'amphithéâtre, près des observatoires, l'organisatrice sont sereine.",False,est,sont,être,copula,organisatrice,f,singular,amphithéâtre,m,singular,dans,observatoire,m,plural,près de,True,1000,True,Normalize pre-verb pause and verb duration across conditions.
T060,2,R2_C03,R2_violation_SSP1SP2S_medium,medium,violation,"Devant l'église, l'organisatrice près de l'amphithéâtre boivent un café.",False,boit,boivent,boire,lexical_3,organisatrice,f,singular,église,f,singular,devant,amphithéâtre,m,singular,près de,True,1500,True,Normalize pre-verb pause and verb duration across conditions.
T061,2,R2_C01,R2_grammatical_SPP1PP2P_medium,medium,grammatical,"Devant les avenues, les usagères près des agences sont attentives.",False,sont,sont,être,copula,usagère,f,plural,avenue,f,plural,devant,agence,f,plural,près de,True,1500,True,Normalize pre-verb pause and verb duration across conditions.
T062,2,R2_C16,R2_grammatical_SSP1PP2P_short,short,grammatical,"Dans les établissements, devant les écoles, l'étudiante finit un exercice.",False,finit,finit,finir,lexical_2,étudiante,f,singular,établissement,m,plural,dans,école,f,plural,devant,True,1250,True,Normalize pre-verb pause and verb duration across conditions.
T063,2,R2_C15,R2_violation_SPP1PP2P_short,short,violation,"Devant les avenues, près des agences, les oncles choisit un trajet.",False,choisissent,choisit,choisir,lexical_2,oncle,m,plural,avenue,f,plural,devant,agence,f,plural,près de,True,1500,True,Normalize pre-verb pause and verb duration across conditions.
T064,2,R2_C09,R2_grammatical_SSP1SP2P_short,short,grammatical,"Dans l'office, près des agences, l'éditeur est calme.",False,est,est,être,copula,éditeur,m,singular,office,m,singular,dans,agence,f,plural,près de,True,1500,True,Normalize pre-verb pause and verb duration across conditions.
T065,2,R2_C13,R2_violation_SSP1PP2S_long,long,violation,L'éditeur dans les immeubles près de l'établissement sont fiable.,False,est,sont,être,copula,éditeur,m,singular,immeuble,m,plural,dans,établissement,m,singular,près de,True,1250,True,Normalize pre-verb pause and verb duration across conditions.
T066,2,R2_C06,R2_violation_SPP1SP2P_medium,medium,violation,"Dans l'usine, les électriciennes près des agences est concentrées.",False,sont,est,être,copula,électricienne,f,plural,usine,f,singular,dans,agence,f,plural,près de,True,1500,True,Normalize pre-verb pause and verb duration across conditions.
T067,2,R2_C14,R2_violation_SPP1SP2S_long,long,violation,Les orateurs dans l'amphithéâtre près de l'arène est sereins.,False,sont,est,être,copula,orateur,m,plural,amphithéâtre,m,singular,dans,arène,f,singular,près de,True,1000,True,Normalize pre-verb pause and verb duration across conditions.
T068,2,R2_C02,R2_violation_SPP1PP2S_medium,medium,violation,"Dans les auditoriums, les écrivaines près de l'établissement est attentives.",False,sont,est,être,copula,écrivaine,f,plural,auditorium,m,plural,dans,établissement,m,singular,près de,True,1250,True,Normalize pre-verb pause and verb duration across conditions.
T069,2,R2_C04,R2_grammatical_SPP1SP2P_short,short,grammatical,"Devant l'avenue, près des agences, les usagères choisissent un trajet.",False,choisissent,choisissent,choisir,lexical_2,usagère,f,plural,avenue,f,singular,devant,agence,f,plural,près de,True,2000,True,Normalize pre-verb pause and verb duration across conditions.
T070,2,R2_C13,R2_violation_SSP1PP2S_medium,medium,violation,"Dans les immeubles, l'éditeur près de l'établissement sont fiable.",False,est,sont,être,copula,éditeur,m,singular,immeuble,m,plural,dans,établissement,m,singular,près de,True,1750,True,Normalize pre-verb pause and verb duration across conditions.
T071,2,R2_C06,R2_violation_SPP1SP2P_short,short,violation,"Dans l'usine, près des agences, les électriciennes est concentrées.",False,sont,est,être,copula,électricienne,f,plural,usine,f,singular,dans,agence,f,plural,près de,True,1250,True,Normalize pre-verb pause and verb duration across conditions.
T072,2,R2_C15,R2_violation_SPP1PP2P_medium,medium,violation,"Devant les avenues, les oncles près des agences choisit un trajet.",False,choisissent,choisit,choisir,lexical_2,oncle,m,plural,avenue,f,plural,devant,agence,f,plural,près de,True,1750,True,Normalize pre-verb pause and verb duration across conditions.
T073,2,R2_C04,R2_grammatical_SPP1SP2P_long,long,grammatical,Les usagères devant l'avenue près des agences choisissent un trajet.,False,choisissent,choisissent,choisir,lexical_2,usagère,f,plural,avenue,f,singular,devant,agence,f,plural,près de,True,2000,True,Normalize pre-verb pause and verb duration across conditions.
T074,2,R2_C03,R2_violation_SSP1SP2S_short,short,violation,"Devant l'église, près de l'amphithéâtre, l'organisatrice boivent un café.",False,boit,boivent,boire,lexical_3,organisatrice,f,singular,église,f,singular,devant,amphithéâtre,m,singular,près de,True,1000,True,Normalize pre-verb pause and verb duration across conditions.
T075,2,R2_C11,R2_grammatical_SPP1SP2S_long,long,grammatical,Les avocats dans l'agence près de l'office lisent un email.,False,lisent,lisent,lire,lexical_3,avocat,m,plural,agence,f,singular,dans,office,m,singular,près de,True,1250,True,Normalize pre-verb pause and verb duration across conditions.
T076,2,R2_C15,R2_violation_SPP1PP2P_long,long,violation,Les oncles devant les avenues près des agences choisit un trajet.,False,choisissent,choisit,choisir,lexical_2,oncle,m,plural,avenue,f,plural,devant,agence,f,plural,près de,True,2000,True,Normalize pre-verb pause and verb duration across conditions.
T077,2,R2_C01,R2_grammatical_SPP1PP2P_long,long,grammatical,Les usagères devant les avenues près des agences sont attentives.,False,sont,sont,être,copula,usagère,f,plural,avenue,f,plural,devant,agence,f,plural,près de,True,2000,True,Normalize pre-verb pause and verb duration across conditions.
T078,2,R2_C07,R2_violation_SSP1SP2P_long,long,violation,L'organisatrice dans l'amphithéâtre près des observatoires sont sereine.,False,est,sont,être,copula,organisatrice,f,singular,amphithéâtre,m,singular,dans,observatoire,m,plural,près de,True,1500,True,Normalize pre-verb pause and verb duration across conditions.
T079,2,R2_C12,R2_grammatical_SSP1PP2S_short,short,grammatical,"Dans les universités, devant l'établissement, l'éditeur finit un exercice.",False,finit,finit,finir,lexical_2,éditeur,m,singular,université,f,plural,dans,établissement,m,singular,devant,True,1500,True,Normalize pre-verb pause and verb duration across conditions.
T080,2,R2_C10,R2_grammatical_SSP1SP2S_medium,medium,grammatical,"Dans l'institut, l'étudiant près de l'entrée est attentif.",False,est,est,être,copula,étudiant,m,singular,institut,m,singular,dans,entrée,f,singular,près de,True,1000,True,Normalize pre-verb pause and verb duration across conditions.
T081,2,R2_C03,R2_violation_SSP1SP2S_long,long,violation,L'organisatrice devant l'église près de l'amphithéâtre boivent un café.,False,boit,boivent,boire,lexical_3,organisatrice,f,singular,église,f,singular,devant,amphithéâtre,m,singular,près de,True,1500,True,Normalize pre-verb pause and verb duration across conditions.
T082,2,R2_C14,R2_violation_SPP1SP2S_short,short,violation,"Dans l'amphithéâtre, près de l'arène, les orateurs est sereins.",False,sont,est,être,copula,orateur,m,plural,amphithéâtre,m,singular,dans,arène,f,singular,près de,True,1250,True,Normalize pre-verb pause and verb duration across conditions.
T083,2,R2_C01,R2_grammatical_SPP1PP2P_short,short,grammatical,"Devant les avenues, près des agences, les usagères sont attentives.",False,sont,sont,être,copula,usagère,f,plural,avenue,f,plural,devant,agence,f,plural,près de,True,1250,True,Normalize pre-verb pause and verb duration across conditions.
T084,2,R2_C11,R2_grammatical_SPP1SP2S_medium,medium,grammatical,"Dans l'agence, les avocats près de l'office lisent un email.",False,lisent,lisent,lire,lexical_3,avocat,m,plural,agence,f,singular,dans,office,m,singular,près de,True,1500,True,Normalize pre-verb pause and verb duration across conditions.
T085,2,R2_C05,R2_grammatical_SPP1PP2S_long,long,grammatical,Les écrivaines dans les auditoriums devant l'établissement lisent un article.,False,lisent,lisent,lire,lexical_3,écrivaine,f,plural,auditorium,m,plural,dans,établissement,m,singular,devant,True,1500,True,Normalize pre-verb pause and verb duration across conditions.
T086,2,R2_C08,R2_violation_SSP1PP2P_medium,medium,violation,"Dans les écoles, l'étudiant devant les établissements lisent un article.",False,lit,lisent,lire,lexical_3,étudiant,m,singular,école,f,plural,dans,établissement,m,plural,devant,True,1000,True,Normalize pre-verb pause and verb duration across conditions.
T087,2,R2_C07,R2_violation_SSP1SP2P_medium,medium,violation,"Dans l'amphithéâtre, l'organisatrice près des observatoires sont sereine.",False,est,sont,être,copula,organisatrice,f,singular,amphithéâtre,m,singular,dans,observatoire,m,plural,près de,True,2000,True,Normalize pre-verb pause and verb duration across conditions.
T088,2,R2_C02,R2_violation_SPP1PP2S_short,short,violation,"Dans les auditoriums, près de l'établissement, les écrivaines est attentives.",False,sont,est,être,copula,écrivaine,f,plural,auditorium,m,plural,dans,établissement,m,singular,près de,True,2000,True,Normalize pre-verb pause and verb duration across conditions.
T089,2,R2_C12,R2_grammatical_SSP1PP2S_medium,medium,grammatical,"Dans les universités, l'éditeur devant l'établissement finit un exercice.",False,finit,finit,finir,lexical_2,éditeur,m,singular,université,f,plural,dans,établissement,m,singular,devant,True,1500,True,Normalize pre-verb pause and verb duration across conditions.
T090,2,R2_C04,R2_grammatical_SPP1SP2P_medium,medium,grammatical,"Devant l'avenue, les usagères près des agences choisissent un trajet.",False,choisissent,choisissent,choisir,lexical_2,usagère,f,plural,avenue,f,singular,devant,agence,f,plural,près de,True,1000,True,Normalize pre-verb pause and verb duration across conditions.
T091,2,R2_C09,R2_grammatical_SSP1SP2P_long,long,grammatical,L'éditeur dans l'office près des agences est calme.,False,est,est,être,copula,éditeur,m,singular,office,m,singular,dans,agence,f,plural,près de,True,1250,True,Normalize pre-verb pause and verb duration across conditions.
T092,2,R2_C16,R2_grammatical_SSP1PP2P_long,long,grammatical,L'étudiante dans les établissements devant les écoles finit un exercice.,False,finit,finit,finir,lexical_2,étudiante,f,singular,établissement,m,plural,dans,école,f,plural,devant,True,1250,True,Normalize pre-verb pause and verb duration across conditions.
T093,2,R2_C12,R2_grammatical_SSP1PP2S_long,long,grammatical,L'éditeur dans les universités devant l'établissement finit un exercice.,False,finit,finit,finir,lexical_2,éditeur,m,singular,université,f,plural,dans,établissement,m,singular,devant,True,1750,True,Normalize pre-verb pause and verb duration across conditions.
T094,2,R2_C05,R2_grammatical_SPP1PP2S_medium,medium,grammatical,"Dans les auditoriums, les écrivaines devant l'établissement lisent un article.",False,lisent,lisent,lire,lexical_3,écrivaine,f,plural,auditorium,m,plural,dans,établissement,m,singular,devant,True,1750,True,Normalize pre-verb pause and verb duration across conditions.
T095,2,R2_C13,R2_violation_SSP1PP2S_short,short,violation,"Dans les immeubles, près de l'établissement, l'éditeur sont fiable.",False,est,sont,être,copula,éditeur,m,singular,immeuble,m,plural,dans,établissement,m,singular,près de,True,1250,True,Normalize pre-verb pause and verb duration across conditions.
T096,2,R2_C08,R2_violation_SSP1PP2P_short,short,violation,"Dans les écoles, devant les établissements, l'étudiant lisent un article.",False,lit,lisent,lire,lexical_3,étudiant,m,singular,école,f,plural,dans,établissement,m,plural,devant,True,1500,True,Normalize pre-verb pause and verb duration across conditions.
T097,3,R3_C12,R3_grammatical_SPP1SP2S_short,short,grammatical,"Dans l'office, près de l'établissement, les économistes sont calmes.",False,sont,sont,être,copula,économiste,m,plural,office,m,singular,dans,établissement,m,singular,près de,True,2000,True,Normalize pre-verb pause and verb duration across conditions.
T098,3,R3_C01,R3_grammatical_SPP1SP2P_long,long,grammatical,Les électriciennes dans l'enceinte près des agences finissent un dossier.,False,finissent,finissent,finir,lexical_2,électricienne,f,plural,enceinte,f,singular,dans,agence,f,plural,près de,True,1750,True,Normalize pre-verb pause and verb duration across conditions.
T099,3,R3_C03,R3_violation_SSP1PP2P_medium,medium,violation,"Dans les écoles, l'étudiante devant les établissements réussissent un examen.",False,réussit,réussissent,réussir,lexical_2,étudiante,f,singular,école,f,plural,dans,établissement,m,plural,devant,True,2000,True,Normalize pre-verb pause and verb duration across conditions.
T100,3,R3_C13,R3_violation_SPP1SP2P_long,long,violation,Les écrivaines devant l'église près des observatoires est sereines.,False,sont,est,être,copula,écrivaine,f,plural,église,f,singular,devant,observatoire,m,plural,près de,True,1000,True,Normalize pre-verb pause and verb duration across conditions.
T101,3,R3_C03,R3_violation_SSP1PP2P_long,long,violation,L'étudiante dans les écoles devant les établissements réussissent un examen.,False,réussit,réussissent,réussir,lexical_2,étudiante,f,singular,école,f,plural,dans,établissement,m,plural,devant,True,1000,True,Normalize pre-verb pause and verb duration across conditions.
T102,3,R3_C11,R3_grammatical_SSP1PP2P_medium,medium,grammatical,"Dans les auditoriums, l'étudiant près des établissements est calme.",False,est,est,être,copula,étudiant,m,singular,auditorium,m,plural,dans,établissement,m,plural,près de,True,1500,True,Normalize pre-verb pause and verb duration across conditions.
T103,3,R3_C11,R3_grammatical_SSP1PP2P_long,long,grammatical,L'étudiant dans les auditoriums près des établissements est calme.,False,est,est,être,copula,étudiant,m,singular,auditorium,m,plural,dans,établissement,m,plural,près de,True,2000,True,Normalize pre-verb pause and verb duration across conditions.
T104,3,R3_C07,R3_grammatical_SPP1PP2S_short,short,grammatical,"Dans les auditoriums, derrière l'église, les animatrices boivent un café.",False,boivent,boivent,boire,lexical_3,animatrice,f,plural,auditorium,m,plural,dans,église,f,singular,derrière,True,1250,True,Normalize pre-verb pause and verb duration across conditions.
T105,3,R3_C04,R3_grammatical_SSP1SP2P_long,long,grammatical,L'autrice dans l'établissement près des agences est fiable.,False,est,est,être,copula,autrice,f,singular,établissement,m,singular,dans,agence,f,plural,près de,True,1000,True,Normalize pre-verb pause and verb duration across conditions.
T106,3,R3_C15,R3_violation_SPP1PP2P_medium,medium,violation,"Dans les arènes, les animatrices près des observatoires est concentrées.",False,sont,est,être,copula,animatrice,f,plural,arène,f,plural,dans,observatoire,m,plural,près de,True,1500,True,Normalize pre-verb pause and verb duration across conditions.
T107,3,R3_C04,R3_grammatical_SSP1SP2P_medium,medium,grammatical,"Dans l'établissement, l'autrice près des agences est fiable.",False,est,est,être,copula,autrice,f,singular,établissement,m,singular,dans,agence,f,plural,près de,True,1750,True,Normalize pre-verb pause and verb duration across conditions.
T108,3,R3_C15,R3_violation_SPP1PP2P_short,short,violation,"Dans les arènes, près des observatoires, les animatrices est concentrées.",False,sont,est,être,copula,animatrice,f,plural,arène,f,plural,dans,observatoire,m,plural,près de,True,1500,True,Normalize pre-verb pause and verb duration across conditions.
T109,3,R3_C14,R3_violation_SSP1SP2P_long,long,violation,L'épouse dans l'aéroport près des abris prennent un bus.,False,prend,prennent,prendre,lexical_3,épouse,f,singular,aéroport,m,singular,dans,abri,m,plural,près de,True,2000,True,Normalize pre-verb pause and verb duration across conditions.
T110,3,R3_C16,R3_violation_SPP1SP2S_short,short,violation,"Dans l'institut, près de l'établissement, les auteurs finit un article.",False,finissent,finit,finir,lexical_2,auteur,m,plural,institut,m,singular,dans,établissement,m,singular,près de,True,1250,True,Normalize pre-verb pause and verb duration across conditions.
T111,3,R3_C09,R3_grammatical_SPP1PP2P_long,long,grammatical,Les auteurs dans les écoles devant les établissements sont calmes.,False,sont,sont,être,copula,auteur,m,plural,école,f,plural,dans,établissement,m,plural,devant,True,1000,True,Normalize pre-verb pause and verb duration across conditions.
T112,3,R3_C12,R3_grammatical_SPP1SP2S_long,long,grammatical,Les économistes dans l'office près de l'établissement sont calmes.,False,sont,sont,être,copula,économiste,m,plural,office,m,singular,dans,établissement,m,singular,près de,True,1000,True,Normalize pre-verb pause and verb duration across conditions.
T113,3,R3_C06,R3_violation_SSP1SP2S_medium,medium,violation,"Devant l'église, l'écrivain près de l'entrée lisent un article.",False,lit,lisent,lire,lexical_3,écrivain,m,singular,église,f,singular,devant,entrée,f,singular,près de,True,1250,True,Normalize pre-verb pause and verb duration across conditions.
T114,3,R3_C02,R3_grammatical_SSP1SP2S_long,long,grammatical,L'artisan dans l'aéroport près de l'avenue choisit un trajet.,False,choisit,choisit,choisir,lexical_2,artisan,m,singular,aéroport,m,singular,dans,avenue,f,singular,près de,True,1750,True,Normalize pre-verb pause and verb duration across conditions.
T115,3,R3_C07,R3_grammatical_SPP1PP2S_medium,medium,grammatical,"Dans les auditoriums, les animatrices derrière l'église boivent un café.",False,boivent,boivent,boire,lexical_3,animatrice,f,plural,auditorium,m,plural,dans,église,f,singular,derrière,True,1750,True,Normalize pre-verb pause and verb duration across conditions.
T116,3,R3_C09,R3_grammatical_SPP1PP2P_short,short,grammatical,"Dans les écoles, devant les établissements, les auteurs sont calmes.",False,sont,sont,être,copula,auteur,m,plural,école,f,plural,dans,établissement,m,plural,devant,True,1000,True,Normalize pre-verb pause and verb duration across conditions.
T117,3,R3_C02,R3_grammatical_SSP1SP2S_medium,medium,grammatical,"Dans l'aéroport, l'artisan près de l'avenue choisit un trajet.",False,choisit,choisit,choisir,lexical_2,artisan,m,singular,aéroport,m,singular,dans,avenue,f,singular,près de,True,1250,True,Normalize pre-verb pause and verb duration across conditions.
T118,3,R3_C04,R3_grammatical_SSP1SP2P_short,short,grammatical,"Dans l'établissement, près des agences, l'autrice est fiable.",False,est,est,être,copula,autrice,f,singular,établissement,m,singular,dans,agence,f,plural,près de,True,1250,True,Normalize pre-verb pause and verb duration across conditions.
T119,3,R3_C05,R3_violation_SSP1PP2S_long,long,violation,L'artisan dans les impasses près de l'avenue prennent un bus.,False,prend,prennent,prendre,lexical_3,artisan,m,singular,impasse,f,plural,dans,avenue,f,singular,près de,True,1000,True,Normalize pre-verb pause and verb duration across conditions.
T120,3,R3_C10,R3_violation_SPP1PP2S_short,short,violation,"Dans les universités, près de l'entrée, les éditrices est fiables.",False,sont,est,être,copula,éditrice,f,plural,université,f,plural,dans,entrée,f,singular,près de,True,1000,True,Normalize pre-verb pause and verb duration across conditions.
T121,3,R3_C08,R3_grammatical_SSP1PP2S_long,long,grammatical,L'ouvrier dans les entrepôts près de l'usine est calme.,False,est,est,être,copula,ouvrier,m,singular,entrepôt,m,plural,dans,usine,f,singular,près de,True,1750,True,Normalize pre-verb pause and verb duration across conditions.
T122,3,R3_C07,R3_grammatical_SPP1PP2S_long,long,grammatical,Les animatrices dans les auditoriums derrière l'église boivent un café.,False,boivent,boivent,boire,lexical_3,animatrice,f,plural,auditorium,m,plural,dans,église,f,singular,derrière,True,1500,True,Normalize pre-verb pause and verb duration across conditions.
T123,3,R3_C13,R3_violation_SPP1SP2P_medium,medium,violation,"Devant l'église, les écrivaines près des observatoires est sereines.",False,sont,est,être,copula,écrivaine,f,plural,église,f,singular,devant,observatoire,m,plural,près de,True,1000,True,Normalize pre-verb pause and verb duration across conditions.
T124,3,R3_C06,R3_violation_SSP1SP2S_short,short,violation,"Devant l'église, près de l'entrée, l'écrivain lisent un article.",False,lit,lisent,lire,lexical_3,écrivain,m,singular,église,f,singular,devant,entrée,f,singular,près de,True,2000,True,Normalize pre-verb pause and verb duration across conditions.
T125,3,R3_C13,R3_violation_SPP1SP2P_short,short,violation,"Devant l'église, près des observatoires, les écrivaines est sereines.",False,sont,est,être,copula,écrivaine,f,plural,église,f,singular,devant,observatoire,m,plural,près de,True,1500,True,Normalize pre-verb pause and verb duration across conditions.
T126,3,R3_C01,R3_grammatical_SPP1SP2P_medium,medium,grammatical,"Dans l'enceinte, les électriciennes près des agences finissent un dossier.",False,finissent,finissent,finir,lexical_2,électricienne,f,plural,enceinte,f,singular,dans,agence,f,plural,près de,True,1000,True,Normalize pre-verb pause and verb duration across conditions.
T127,3,R3_C10,R3_violation_SPP1PP2S_medium,medium,violation,"Dans les universités, les éditrices près de l'entrée est fiables.",False,sont,est,être,copula,éditrice,f,plural,université,f,plural,dans,entrée,f,singular,près de,True,2000,True,Normalize pre-verb pause and verb duration across conditions.
T128,3,R3_C08,R3_grammatical_SSP1PP2S_medium,medium,grammatical,"Dans les entrepôts, l'ouvrier près de l'usine est calme.",False,est,est,être,copula,ouvrier,m,singular,entrepôt,m,plural,dans,usine,f,singular,près de,True,1750,True,Normalize pre-verb pause and verb duration across conditions.
T129,3,R3_C15,R3_violation_SPP1PP2P_long,long,violation,Les animatrices dans les arènes près des observatoires est concentrées.,False,sont,est,être,copula,animatrice,f,plural,arène,f,plural,dans,observatoire,m,plural,près de,True,1750,True,Normalize pre-verb pause and verb duration across conditions.
T130,3,R3_C02,R3_grammatical_SSP1SP2S_short,short,grammatical,"Dans l'aéroport, près de l'avenue, l'artisan choisit un trajet.",False,choisit,choisit,choisir,lexical_2,artisan,m,singular,aéroport,m,singular,dans,avenue,f,singular,près de,True,1750,True,Normalize pre-verb pause and verb duration across conditions.
T131,3,R3_C06,R3_violation_SSP1SP2S_long,long,violation,L'écrivain devant l'église près de l'entrée lisent un article.,False,lit,lisent,lire,lexical_3,écrivain,m,singular,église,f,singular,devant,entrée,f,singular,près de,True,1250,True,Normalize pre-verb pause and verb duration across conditions.
T132,3,R3_C12,R3_grammatical_SPP1SP2S_medium,medium,grammatical,"Dans l'office, les économistes près de l'établissement sont calmes.",False,sont,sont,être,copula,économiste,m,plural,office,m,singular,dans,établissement,m,singular,près de,True,1500,True,Normalize pre-verb pause and verb duration across conditions.
T133,3,R3_C01,R3_grammatical_SPP1SP2P_short,short,grammatical,"Dans l'enceinte, près des agences, les électriciennes finissent un dossier.",False,finissent,finissent,finir,lexical_2,électricienne,f,plural,enceinte,f,singular,dans,agence,f,plural,près de,True,1500,True,Normalize pre-verb pause and verb duration across conditions.
T134,3,R3_C05,R3_violation_SSP1PP2S_short,short,violation,"Dans les impasses, près de l'avenue, l'artisan prennent un bus.",False,prend,prennent,prendre,lexical_3,artisan,m,singular,impasse,f,plural,dans,avenue,f,singular,près de,True,1500,True,Normalize pre-verb pause and verb duration across conditions.
T135,3,R3_C05,R3_violation_SSP1PP2S_medium,medium,violation,"Dans les impasses, l'artisan près de l'avenue prennent un bus.",False,prend,prennent,prendre,lexical_3,artisan,m,singular,impasse,f,plural,dans,avenue,f,singular,près de,True,1500,True,Normalize pre-verb pause and verb duration across conditions.
T136,3,R3_C11,R3_grammatical_SSP1PP2P_short,short,grammatical,"Dans les auditoriums, près des établissements, l'étudiant est calme.",False,est,est,être,copula,étudiant,m,singular,auditorium,m,plural,dans,établissement,m,plural,près de,True,1250,True,Normalize pre-verb pause and verb duration across conditions.
T137,3,R3_C14,R3_violation_SSP1SP2P_medium,medium,violation,"Dans l'aéroport, l'épouse près des abris prennent un bus.",False,prend,prennent,prendre,lexical_3,épouse,f,singular,aéroport,m,singular,dans,abri,m,plural,près de,True,1000,True,Normalize pre-verb pause and verb duration across conditions.
T138,3,R3_C03,R3_violation_SSP1PP2P_short,short,violation,"Dans les écoles, devant les établissements, l'étudiante réussissent un examen.",False,réussit,réussissent,réussir,lexical_2,étudiante,f,singular,école,f,plural,dans,établissement,m,plural,devant,True,1000,True,Normalize pre-verb pause and verb duration across conditions.
T139,3,R3_C08,R3_grammatical_SSP1PP2S_short,short,grammatical,"Dans les entrepôts, près de l'usine, l'ouvrier est calme.",False,est,est,être,copula,ouvrier,m,singular,entrepôt,m,plural,dans,usine,f,singular,près de,True,1000,True,Normalize pre-verb pause and verb duration across conditions.
T140,3,R3_C16,R3_violation_SPP1SP2S_medium,medium,violation,"Dans l'institut, les auteurs près de l'établissement finit un article.",False,finissent,finit,finir,lexical_2,auteur,m,plural,institut,m,singular,dans,établissement,m,singular,près de,True,1500,True,Normalize pre-verb pause and verb duration across conditions.
T141,3,R3_C10,R3_violation_SPP1PP2S_long,long,violation,Les éditrices dans les universités près de l'entrée est fiables.,False,sont,est,être,copula,éditrice,f,plural,université,f,plural,dans,entrée,f,singular,près de,True,1250,True,Normalize pre-verb pause and verb duration across conditions.
T142,3,R3_C14,R3_violation_SSP1SP2P_short,short,violation,"Dans l'aéroport, près des abris, l'épouse prennent un bus.",False,prend,prennent,prendre,lexical_3,épouse,f,singular,aéroport,m,singular,dans,abri,m,plural,près de,True,1750,True,Normalize pre-verb pause and verb duration across conditions.
T143,3,R3_C09,R3_grammatical_SPP1PP2P_medium,medium,grammatical,"Dans les écoles, les auteurs devant les établissements sont calmes.",False,sont,sont,être,copula,auteur,m,plural,école,f,plural,dans,établissement,m,plural,devant,True,1750,True,Normalize pre-verb pause and verb duration across conditions.
T144,3,R3_C16,R3_violation_SPP1SP2S_long,long,violation,Les auteurs dans l'institut près de l'établissement finit un article.,False,finissent,finit,finir,lexical_2,auteur,m,plural,institut,m,singular,dans,établissement,m,singular,près de,True,2000,True,Normalize pre-verb pause and verb duration across conditions.
T145,4,R4_C11,R4_grammatical_SPP1PP2S_short,short,grammatical,"Dans les ateliers, près de l'usine, les épiciers sont attentifs.",False,sont,sont,être,copula,épicier,m,plural,atelier,m,plural,dans,usine,f,singular,près de,True,2000,True,Normalize pre-verb pause and verb duration across conditions.
T146,4,R4_C09,R4_violation_SPP1PP2P_short,short,violation,"Dans les auditoriums, près des observatoires, les animatrices boit un café.",False,boivent,boit,boire,lexical_3,animatrice,f,plural,auditorium,m,plural,dans,observatoire,m,plural,près de,True,2000,True,Normalize pre-verb pause and verb duration across conditions.
T147,4,R4_C14,R4_violation_SSP1SP2P_short,short,violation,"Dans l'aéroport, près des agences, l'aide sont calme.",False,est,sont,être,copula,aide,f,singular,aéroport,m,singular,dans,agence,f,plural,près de,True,2000,True,Normalize pre-verb pause and verb duration across conditions.
T148,4,R4_C08,R4_violation_SPP1SP2P_short,short,violation,"Dans l'amphithéâtre, près des observatoires, les auteurs boit un café.",False,boivent,boit,boire,lexical_3,auteur,m,plural,amphithéâtre,m,singular,dans,observatoire,m,plural,près de,True,1000,True,Normalize pre-verb pause and verb duration across conditions.
T149,4,R4_C02,R4_grammatical_SSP1SP2P_long,long,grammatical,L'usager dans l'aéroport près des agences est fiable.,False,est,est,être,copula,usager,m,singular,aéroport,m,singular,dans,agence,f,plural,près de,True,1750,True,Normalize pre-verb pause and verb duration across conditions.
T150,4,R4_C15,R4_grammatical_SPP1PP2P_short,short,grammatical,"Dans les impasses, près des abris, les usagères choisissent un trajet.",False,choisissent,choisissent,choisir,lexical_2,usagère,f,plural,impasse,f,plural,dans,abri,m,plural,près de,True,1500,True,Normalize pre-verb pause and verb duration across conditions.
T151,4,R4_C12,R4_grammatical_SPP1SP2S_long,long,grammatical,Les écrivaines devant l'église près de l'entrée sont attentives.,False,sont,sont,être,copula,écrivaine,f,plural,église,f,singular,devant,entrée,f,singular,près de,True,1000,True,Normalize pre-verb pause and verb duration across conditions.
T152,4,R4_C05,R4_violation_SSP1PP2P_long,long,violation,L'ouvrière dans les entrepôts près des agences finissent un dossier.,False,finit,finissent,finir,lexical_2,ouvrière,f,singular,entrepôt,m,plural,dans,agence,f,plural,près de,True,1750,True,Normalize pre-verb pause and verb duration across conditions.
T153,4,R4_C16,R4_violation_SSP1SP2S_long,long,violation,L'éditeur dans l'institut près de l'entrée lisent un article.,False,lit,lisent,lire,lexical_3,éditeur,m,singular,institut,m,singular,dans,entrée,f,singular,près de,True,1250,True,Normalize pre-verb pause and verb duration across conditions.
T154,4,R4_C10,R4_violation_SPP1SP2S_long,long,violation,Les usagères devant l'avenue près de l'abri est attentives.,False,sont,est,être,copula,usagère,f,plural,avenue,f,singular,devant,abri,m,singular,près de,True,1000,True,Normalize pre-verb pause and verb duration across conditions.
T155,4,R4_C01,R4_grammatical_SSP1PP2P_short,short,grammatical,"Dans les aéroports, près des abris, l'aide prend un bus.",False,prend,prend,prendre,lexical_3,aide,f,singular,aéroport,m,plural,dans,abri,m,plural,près de,True,1750,True,Normalize pre-verb pause and verb duration across conditions.
T156,4,R4_C12,R4_grammatical_SPP1SP2S_short,short,grammatical,"Devant l'église, près de l'entrée, les écrivaines sont attentives.",False,sont,sont,être,copula,écrivaine,f,plural,église,f,singular,devant,entrée,f,singular,près de,True,1250,True,Normalize pre-verb pause and verb duration across conditions.
T157,4,R4_C13,R4_grammatical_SSP1SP2S_medium,medium,grammatical,"Dans l'enceinte, l'ouvrier près de l'usine est serein.",False,est,est,être,copula,ouvrier,m,singular,enceinte,f,singular,dans,usine,f,singular,près de,True,1000,True,Normalize pre-verb pause and verb duration across conditions.
T158,4,R4_C04,R4_violation_SSP1PP2S_long,long,violation,L'autrice dans les écoles devant l'établissement finissent un article.,False,finit,finissent,finir,lexical_2,autrice,f,singular,école,f,plural,dans,établissement,m,singular,devant,True,1750,True,Normalize pre-verb pause and verb duration across conditions.
T159,4,R4_C06,R4_grammatical_SPP1SP2P_medium,medium,grammatical,"Devant l'église, les orateurs près des observatoires sont attentifs.",False,sont,sont,être,copula,orateur,m,plural,église,f,singular,devant,observatoire,m,plural,près de,True,1500,True,Normalize pre-verb pause and verb duration across conditions.
T160,4,R4_C07,R4_violation_SPP1PP2S_medium,medium,violation,"Dans les universités, les avocats près de l'entrée est calmes.",False,sont,est,être,copula,avocat,m,plural,université,f,plural,dans,entrée,f,singular,près de,True,1500,True,Normalize pre-verb pause and verb duration across conditions.
T161,4,R4_C03,R4_grammatical_SSP1PP2S_long,long,grammatical,L'étudiant dans les écoles devant l'établissement finit un exercice.,False,finit,finit,finir,lexical_2,étudiant,m,singular,école,f,plural,dans,établissement,m,singular,devant,True,2000,True,Normalize pre-verb pause and verb duration across conditions.
T162,4,R4_C01,R4_grammatical_SSP1PP2P_long,long,grammatical,L'aide dans les aéroports près des abris prend un bus.,False,prend,prend,prendre,lexical_3,aide,f,singular,aéroport,m,plural,dans,abri,m,plural,près de,True,1250,True,Normalize pre-verb pause and verb duration across conditions.
T163,4,R4_C12,R4_grammatical_SPP1SP2S_medium,medium,grammatical,"Devant l'église, les écrivaines près de l'entrée sont attentives.",False,sont,sont,être,copula,écrivaine,f,plural,église,f,singular,devant,entrée,f,singular,près de,True,1000,True,Normalize pre-verb pause and verb duration across conditions.
T164,4,R4_C14,R4_violation_SSP1SP2P_medium,medium,violation,"Dans l'aéroport, l'aide près des agences sont calme.",False,est,sont,être,copula,aide,f,singular,aéroport,m,singular,dans,agence,f,plural,près de,True,1500,True,Normalize pre-verb pause and verb duration across conditions.
T165,4,R4_C15,R4_grammatical_SPP1PP2P_medium,medium,grammatical,"Dans les impasses, les usagères près des abris choisissent un trajet.",False,choisissent,choisissent,choisir,lexical_2,usagère,f,plural,impasse,f,plural,dans,abri,m,plural,près de,True,1750,True,Normalize pre-verb pause and verb duration across conditions.
T166,4,R4_C03,R4_grammatical_SSP1PP2S_medium,medium,grammatical,"Dans les écoles, l'étudiant devant l'établissement finit un exercice.",False,finit,finit,finir,lexical_2,étudiant,m,singular,école,f,plural,dans,établissement,m,singular,devant,True,1250,True,Normalize pre-verb pause and verb duration across conditions.
T167,4,R4_C11,R4_grammatical_SPP1PP2S_long,long,grammatical,Les épiciers dans les ateliers près de l'usine sont attentifs.,False,sont,sont,être,copula,épicier,m,plural,atelier,m,plural,dans,usine,f,singular,près de,True,1750,True,Normalize pre-verb pause and verb duration across conditions.
T168,4,R4_C10,R4_violation_SPP1SP2S_medium,medium,violation,"Devant l'avenue, les usagères près de l'abri est attentives.",False,sont,est,être,copula,usagère,f,plural,avenue,f,singular,devant,abri,m,singular,près de,True,1250,True,Normalize pre-verb pause and verb duration across conditions.
T169,4,R4_C09,R4_violation_SPP1PP2P_medium,medium,violation,"Dans les auditoriums, les animatrices près des observatoires boit un café.",False,boivent,boit,boire,lexical_3,animatrice,f,plural,auditorium,m,plural,dans,observatoire,m,plural,près de,True,1250,True,Normalize pre-verb pause and verb duration across conditions.
T170,4,R4_C06,R4_grammatical_SPP1SP2P_short,short,grammatical,"Devant l'église, près des observatoires, les orateurs sont attentifs.",False,sont,sont,être,copula,orateur,m,plural,église,f,singular,devant,observatoire,m,plural,près de,True,1500,True,Normalize pre-verb pause and verb duration across conditions.
T171,4,R4_C08,R4_violation_SPP1SP2P_long,long,violation,Les auteurs dans l'amphithéâtre près des observatoires boit un café.,False,boivent,boit,boire,lexical_3,auteur,m,plural,amphithéâtre,m,singular,dans,observatoire,m,plural,près de,True,1000,True,Normalize pre-verb pause and verb duration across conditions.
T172,4,R4_C05,R4_violation_SSP1PP2P_short,short,violation,"Dans les entrepôts, près des agences, l'ouvrière finissent un dossier.",False,finit,finissent,finir,lexical_2,ouvrière,f,singular,entrepôt,m,plural,dans,agence,f,plural,près de,True,2000,True,Normalize pre-verb pause and verb duration across conditions.
T173,4,R4_C04,R4_violation_SSP1PP2S_medium,medium,violation,"Dans les écoles, l'autrice devant l'établissement finissent un article.",False,finit,finissent,finir,lexical_2,autrice,f,singular,école,f,plural,dans,établissement,m,singular,devant,True,1250,True,Normalize pre-verb pause and verb duration across conditions.
T174,4,R4_C04,R4_violation_SSP1PP2S_short,short,violation,"Dans les écoles, devant l'établissement, l'autrice finissent un article.",False,finit,finissent,finir,lexical_2,autrice,f,singular,école,f,plural,dans,établissement,m,singular,devant,True,1750,True,Normalize pre-verb pause and verb duration across conditions.
T175,4,R4_C06,R4_grammatical_SPP1SP2P_long,long,grammatical,Les orateurs devant l'église près des observatoires sont attentifs.,False,sont,sont,être,copula,orateur,m,plural,église,f,singular,devant,observatoire,m,plural,près de,True,1500,True,Normalize pre-verb pause and verb duration across conditions.
T176,4,R4_C15,R4_grammatical_SPP1PP2P_long,long,grammatical,Les usagères dans les impasses près des abris choisissent un trajet.,False,choisissent,choisissent,choisir,lexical_2,usagère,f,plural,impasse,f,plural,dans,abri,m,plural,près de,True,2000,True,Normalize pre-verb pause and verb duration across conditions.
T177,4,R4_C07,R4_violation_SPP1PP2S_short,short,violation,"Dans les universités, près de l'entrée, les avocats est calmes.",False,sont,est,être,copula,avocat,m,plural,université,f,plural,dans,entrée,f,singular,près de,True,1250,True,Normalize pre-verb pause and verb duration across conditions.
T178,4,R4_C11,R4_grammatical_SPP1PP2S_medium,medium,grammatical,"Dans les ateliers, les épiciers près de l'usine sont attentifs.",False,sont,sont,être,copula,épicier,m,plural,atelier,m,plural,dans,usine,f,singular,près de,True,2000,True,Normalize pre-verb pause and verb duration across conditions.
T179,4,R4_C02,R4_grammatical_SSP1SP2P_medium,medium,grammatical,"Dans l'aéroport, l'usager près des agences est fiable.",False,est,est,être,copula,usager,m,singular,aéroport,m,singular,dans,agence,f,plural,près de,True,2000,True,Normalize pre-verb pause and verb duration across conditions.
T180,4,R4_C09,R4_violation_SPP1PP2P_long,long,violation,Les animatrices dans les auditoriums près des observatoires boit un café.,False,boivent,boit,boire,lexical_3,animatrice,f,plural,auditorium,m,plural,dans,observatoire,m,plural,près de,True,1500,True,Normalize pre-verb pause and verb duration across conditions.
T181,4,R4_C13,R4_grammatical_SSP1SP2S_short,short,grammatical,"Dans l'enceinte, près de l'usine, l'ouvrier est serein.",False,est,est,être,copula,ouvrier,m,singular,enceinte,f,singular,dans,usine,f,singular,près de,True,2000,True,Normalize pre-verb pause and verb duration across conditions.
T182,4,R4_C16,R4_violation_SSP1SP2S_medium,medium,violation,"Dans l'institut, l'éditeur près de l'entrée lisent un article.",False,lit,lisent,lire,lexical_3,éditeur,m,singular,institut,m,singular,dans,entrée,f,singular,près de,True,1000,True,Normalize pre-verb pause and verb duration across conditions.
T183,4,R4_C10,R4_violation_SPP1SP2S_short,short,violation,"Devant l'avenue, près de l'abri, les usagères est attentives.",False,sont,est,être,copula,usagère,f,plural,avenue,f,singular,devant,abri,m,singular,près de,True,2000,True,Normalize pre-verb pause and verb duration across conditions.
T184,4,R4_C08,R4_violation_SPP1SP2P_medium,medium,violation,"Dans l'amphithéâtre, les auteurs près des observatoires boit un café.",False,boivent,boit,boire,lexical_3,auteur,m,plural,amphithéâtre,m,singular,dans,observatoire,m,plural,près de,True,2000,True,Normalize pre-verb pause and verb duration across conditions.
T185,4,R4_C05,R4_violation_SSP1PP2P_medium,medium,violation,"Dans les entrepôts, l'ouvrière près des agences finissent un dossier.",False,finit,finissent,finir,lexical_2,ouvrière,f,singular,entrepôt,m,plural,dans,agence,f,plural,près de,True,1500,True,Normalize pre-verb pause and verb duration across conditions.
T186,4,R4_C01,R4_grammatical_SSP1PP2P_medium,medium,grammatical,"Dans les aéroports, l'aide près des abris prend un bus.",False,prend,prend,prendre,lexical_3,aide,f,singular,aéroport,m,plural,dans,abri,m,plural,près de,True,1750,True,Normalize pre-verb pause and verb duration across conditions.
T187,4,R4_C16,R4_violation_SSP1SP2S_short,short,violation,"Dans l'institut, près de l'entrée, l'éditeur lisent un article.",False,lit,lisent,lire,lexical_3,éditeur,m,singular,institut,m,singular,dans,entrée,f,singular,près de,True,1500,True,Normalize pre-verb pause and verb duration across conditions.
T188,4,R4_C03,R4_grammatical_SSP1PP2S_short,short,grammatical,"Dans les écoles, devant l'établissement, l'étudiant finit un exercice.",False,finit,finit,finir,lexical_2,étudiant,m,singular,école,f,plural,dans,établissement,m,singular,devant,True,1500,True,Normalize pre-verb pause and verb duration across conditions.
T189,4,R4_C14,R4_violation_SSP1SP2P_long,long,violation,L'aide dans l'aéroport près des agences sont calme.,False,est,sont,être,copula,aide,f,singular,aéroport,m,singular,dans,agence,f,plural,près de,True,1750,True,Normalize pre-verb pause and verb duration across conditions.
T190,4,R4_C13,R4_grammatical_SSP1SP2S_long,long,grammatical,L'ouvrier dans l'enceinte près de l'usine est serein.,False,est,est,être,copula,ouvrier,m,singular,enceinte,f,singular,dans,usine,f,singular,près de,True,1500,True,Normalize pre-verb pause and verb duration across conditions.
T191,4,R4_C02,R4_grammatical_SSP1SP2P_short,short,grammatical,"Dans l'aéroport, près des agences, l'usager est fiable.",False,est,est,être,copula,usager,m,singular,aéroport,m,singular,dans,agence,f,plural,près de,True,1750,True,Normalize pre-verb pause and verb duration across conditions.
T192,4,R4_C07,R4_violation_SPP1PP2S_long,long,violation,Les avocats dans les universités près de l'entrée est calmes.,False,sont,est,être,copula,avocat,m,plural,université,f,plural,dans,entrée,f,singular,près de,True,1000,True,Normalize pre-verb pause and verb duration across conditions.
T193,5,R5_C10,R5_grammatical_SPP1SP2P_short,short,grammatical,"Dans l'amphithéâtre, près des observatoires, les animatrices sont sereines.",False,sont,sont,être,copula,animatrice,f,plural,amphithéâtre,m,singular,dans,observatoire,m,plural,près de,True,2000,True,Normalize pre-verb pause and verb duration across conditions.
T194,5,R5_C08,R5_violation_SSP1PP2S_long,long,violation,L'autrice dans les auditoriums près de l'entrée sont attentive.,False,est,sont,être,copula,autrice,f,singular,auditorium,m,plural,dans,entrée,f,singular,près de,True,1750,True,Normalize pre-verb pause and verb duration across conditions.
T195,5,R5_C07,R5_violation_SSP1PP2P_medium,medium,violation,"Dans les auditoriums, l'éditeur devant les établissements sont serein.",False,est,sont,être,copula,éditeur,m,singular,auditorium,m,plural,dans,établissement,m,plural,devant,True,1000,True,Normalize pre-verb pause and verb duration across conditions.
T196,5,R5_C01,R5_grammatical_SSP1SP2P_short,short,grammatical,"Dans l'impasse, près des abris, l'époux prend un bus.",False,prend,prend,prendre,lexical_3,époux,m,singular,impasse,f,singular,dans,abri,m,plural,près de,True,1500,True,Normalize pre-verb pause and verb duration across conditions.
T197,5,R5_C06,R5_grammatical_SSP1PP2P_medium,medium,grammatical,"Dans les aéroports, l'usager près des agences choisit un trajet.",False,choisit,choisit,choisir,lexical_2,usager,m,singular,aéroport,m,plural,dans,agence,f,plural,près de,True,1000,True,Normalize pre-verb pause and verb duration across conditions.
T198,5,R5_C09,R5_grammatical_SPP1PP2S_long,long,grammatical,Les usagères dans les agences près de l'avenue sont sereines.,False,sont,sont,être,copula,usagère,f,plural,agence,f,plural,dans,avenue,f,singular,près de,True,1750,True,Normalize pre-verb pause and verb duration across conditions.
T199,5,R5_C08,R5_violation_SSP1PP2S_short,short,violation,"Dans les auditoriums, près de l'entrée, l'autrice sont attentive.",False,est,sont,être,copula,autrice,f,singular,auditorium,m,plural,dans,entrée,f,singular,près de,True,1750,True,Normalize pre-verb pause and verb duration across conditions.
T200,5,R5_C14,R5_violation_SPP1SP2S_medium,medium,violation,"Dans l'aéroport, les usagères près de l'avenue choisit un trajet.",False,choisissent,choisit,choisir,lexical_2,usagère,f,plural,aéroport,m,singular,dans,avenue,f,singular,près de,True,1500,True,Normalize pre-verb pause and verb duration across conditions.
T201,5,R5_C05,R5_grammatical_SSP1PP2S_medium,medium,grammatical,"Dans les écoles, l'autrice devant l'établissement est fiable.",False,est,est,être,copula,autrice,f,singular,école,f,plural,dans,établissement,m,singular,devant,True,1750,True,Normalize pre-verb pause and verb duration across conditions.
T202,5,R5_C15,R5_violation_SSP1SP2P_medium,medium,violation,"Devant l'avenue, l'aide près des abris prennent un bus.",False,prend,prennent,prendre,lexical_3,aide,f,singular,avenue,f,singular,devant,abri,m,plural,près de,True,1250,True,Normalize pre-verb pause and verb duration across conditions.
T203,5,R5_C05,R5_grammatical_SSP1PP2S_long,long,grammatical,L'autrice dans les écoles devant l'établissement est fiable.,False,est,est,être,copula,autrice,f,singular,école,f,plural,dans,établissement,m,singular,devant,True,2000,True,Normalize pre-verb pause and verb duration across conditions.
T204,5,R5_C04,R5_grammatical_SSP1SP2S_long,long,grammatical,L'autrice dans l'institut près de l'établissement finit un article.,False,finit,finit,finir,lexical_2,autrice,f,singular,institut,m,singular,dans,établissement,m,singular,près de,True,1250,True,Normalize pre-verb pause and verb duration across conditions.
T205,5,R5_C03,R5_violation_SPP1PP2P_long,long,violation,Les actrices dans les arènes derrière les églises est attentives.,False,sont,est,être,copula,actrice,f,plural,arène,f,plural,dans,église,f,plural,derrière,True,1500,True,Normalize pre-verb pause and verb duration across conditions.
T206,5,R5_C09,R5_grammatical_SPP1PP2S_medium,medium,grammatical,"Dans les agences, les usagères près de l'avenue sont sereines.",False,sont,sont,être,copula,usagère,f,plural,agence,f,plural,dans,avenue,f,singular,près de,True,1000,True,Normalize pre-verb pause and verb duration across conditions.
T207,5,R5_C05,R5_grammatical_SSP1PP2S_short,short,grammatical,"Dans les écoles, devant l'établissement, l'autrice est fiable.",False,est,est,être,copula,autrice,f,singular,école,f,plural,dans,établissement,m,singular,devant,True,1750,True,Normalize pre-verb pause and verb duration across conditions.
T208,5,R5_C01,R5_grammatical_SSP1SP2P_long,long,grammatical,L'époux dans l'impasse près des abris prend un bus.,False,prend,prend,prendre,lexical_3,époux,m,singular,impasse,f,singular,dans,abri,m,plural,près de,True,1000,True,Normalize pre-verb pause and verb duration across conditions.
T209,5,R5_C06,R5_grammatical_SSP1PP2P_long,long,grammatical,L'usager dans les aéroports près des agences choisit un trajet.,False,choisit,choisit,choisir,lexical_2,usager,m,singular,aéroport,m,plural,dans,agence,f,plural,près de,True,2000,True,Normalize pre-verb pause and verb duration across conditions.
T210,5,R5_C02,R5_violation_SPP1SP2P_short,short,violation,"Dans l'amphithéâtre, derrière les églises, les auteurs est attentifs.",False,sont,est,être,copula,auteur,m,plural,amphithéâtre,m,singular,dans,église,f,plural,derrière,True,1500,True,Normalize pre-verb pause and verb duration across conditions.
T211,5,R5_C03,R5_violation_SPP1PP2P_short,short,violation,"Dans les arènes, derrière les églises, les actrices est attentives.",False,sont,est,être,copula,actrice,f,plural,arène,f,plural,dans,église,f,plural,derrière,True,1500,True,Normalize pre-verb pause and verb duration across conditions.
T212,5,R5_C03,R5_violation_SPP1PP2P_medium,medium,violation,"Dans les arènes, les actrices derrière les églises est attentives.",False,sont,est,être,copula,actrice,f,plural,arène,f,plural,dans,église,f,plural,derrière,True,1250,True,Normalize pre-verb pause and verb duration across conditions.
T213,5,R5_C09,R5_grammatical_SPP1PP2S_short,short,grammatical,"Dans les agences, près de l'avenue, les usagères sont sereines.",False,sont,sont,être,copula,usagère,f,plural,agence,f,plural,dans,avenue,f,singular,près de,True,1250,True,Normalize pre-verb pause and verb duration across conditions.
T214,5,R5_C11,R5_grammatical_SPP1SP2S_medium,medium,grammatical,"Dans l'établissement, les avocats près de l'office lisent un email.",False,lisent,lisent,lire,lexical_3,avocat,m,plural,établissement,m,singular,dans,office,m,singular,près de,True,2000,True,Normalize pre-verb pause and verb duration across conditions.
T215,5,R5_C02,R5_violation_SPP1SP2P_medium,medium,violation,"Dans l'amphithéâtre, les auteurs derrière les églises est attentifs.",False,sont,est,être,copula,auteur,m,plural,amphithéâtre,m,singular,dans,église,f,plural,derrière,True,1250,True,Normalize pre-verb pause and verb duration across conditions.
T216,5,R5_C04,R5_grammatical_SSP1SP2S_medium,medium,grammatical,"Dans l'institut, l'autrice près de l'établissement finit un article.",False,finit,finit,finir,lexical_2,autrice,f,singular,institut,m,singular,dans,établissement,m,singular,près de,True,2000,True,Normalize pre-verb pause and verb duration across conditions.
T217,5,R5_C12,R5_violation_SPP1PP2S_long,long,violation,Les auteurs dans les écoles près de l'entrée lit un article.,False,lisent,lit,lire,lexical_3,auteur,m,plural,école,f,plural,dans,entrée,f,singular,près de,True,1000,True,Normalize pre-verb pause and verb duration across conditions.
T218,5,R5_C10,R5_grammatical_SPP1SP2P_medium,medium,grammatical,"Dans l'amphithéâtre, les animatrices près des observatoires sont sereines.",False,sont,sont,être,copula,animatrice,f,plural,amphithéâtre,m,singular,dans,observatoire,m,plural,près de,True,1000,True,Normalize pre-verb pause and verb duration across conditions.
T219,5,R5_C16,R5_grammatical_SPP1PP2P_medium,medium,grammatical,"Dans les universités, les avocats près des agences finissent un dossier.",False,finissent,finissent,finir,lexical_2,avocat,m,plural,université,f,plural,dans,agence,f,plural,près de,True,1250,True,Normalize pre-verb pause and verb duration across conditions.
T220,5,R5_C13,R5_violation_SSP1SP2S_medium,medium,violation,"Dans l'usine, l'ouvrier près de l'office sont serein.",False,est,sont,être,copula,ouvrier,m,singular,usine,f,singular,dans,office,m,singular,près de,True,1250,True,Normalize pre-verb pause and verb duration across conditions.
T221,5,R5_C04,R5_grammatical_SSP1SP2S_short,short,grammatical,"Dans l'institut, près de l'établissement, l'autrice finit un article.",False,finit,finit,finir,lexical_2,autrice,f,singular,institut,m,singular,dans,établissement,m,singular,près de,True,1750,True,Normalize pre-verb pause and verb duration across conditions.
T222,5,R5_C11,R5_grammatical_SPP1SP2S_short,short,grammatical,"Dans l'établissement, près de l'office, les avocats lisent un email.",False,lisent,lisent,lire,lexical_3,avocat,m,plural,établissement,m,singular,dans,office,m,singular,près de,True,1750,True,Normalize pre-verb pause and verb duration across conditions.
T223,5,R5_C01,R5_grammatical_SSP1SP2P_medium,medium,grammatical,"Dans l'impasse, l'époux près des abris prend un bus.",False,prend,prend,prendre,lexical_3,époux,m,singular,impasse,f,singular,dans,abri,m,plural,près de,True,2000,True,Normalize pre-verb pause and verb duration across conditions.
T224,5,R5_C15,R5_violation_SSP1SP2P_long,long,violation,L'aide devant l'avenue près des abris prennent un bus.,False,prend,prennent,prendre,lexical_3,aide,f,singular,avenue,f,singular,devant,abri,m,plural,près de,True,2000,True,Normalize pre-verb pause and verb duration across conditions.
T225,5,R5_C07,R5_violation_SSP1PP2P_short,short,violation,"Dans les auditoriums, devant les établissements, l'éditeur sont serein.",False,est,sont,être,copula,éditeur,m,singular,auditorium,m,plural,dans,établissement,m,plural,devant,True,1250,True,Normalize pre-verb pause and verb duration across conditions.
T226,5,R5_C13,R5_violation_SSP1SP2S_long,long,violation,L'ouvrier dans l'usine près de l'office sont serein.,False,est,sont,être,copula,ouvrier,m,singular,usine,f,singular,dans,office,m,singular,près de,True,1750,True,Normalize pre-verb pause and verb duration across conditions.
T227,5,R5_C08,R5_violation_SSP1PP2S_medium,medium,violation,"Dans les auditoriums, l'autrice près de l'entrée sont attentive.",False,est,sont,être,copula,autrice,f,singular,auditorium,m,plural,dans,entrée,f,singular,près de,True,1750,True,Normalize pre-verb pause and verb duration across conditions.
T228,5,R5_C02,R5_violation_SPP1SP2P_long,long,violation,Les auteurs dans l'amphithéâtre derrière les églises est attentifs.,False,sont,est,être,copula,auteur,m,plural,amphithéâtre,m,singular,dans,église,f,plural,derrière,True,1750,True,Normalize pre-verb pause and verb duration across conditions.
T229,5,R5_C14,R5_violation_SPP1SP2S_short,short,violation,"Dans l'aéroport, près de l'avenue, les usagères choisit un trajet.",False,choisissent,choisit,choisir,lexical_2,usagère,f,plural,aéroport,m,singular,dans,avenue,f,singular,près de,True,1250,True,Normalize pre-verb pause and verb duration across conditions.
T230,5,R5_C12,R5_violation_SPP1PP2S_short,short,violation,"Dans les écoles, près de l'entrée, les auteurs lit un article.",False,lisent,lit,lire,lexical_3,auteur,m,plural,école,f,plural,dans,entrée,f,singular,près de,True,1750,True,Normalize pre-verb pause and verb duration across conditions.
T231,5,R5_C11,R5_grammatical_SPP1SP2S_long,long,grammatical,Les avocats dans l'établissement près de l'office lisent un email.,False,lisent,lisent,lire,lexical_3,avocat,m,plural,établissement,m,singular,dans,office,m,singular,près de,True,1000,True,Normalize pre-verb pause and verb duration across conditions.
T232,5,R5_C06,R5_grammatical_SSP1PP2P_short,short,grammatical,"Dans les aéroports, près des agences, l'usager choisit un trajet.",False,choisit,choisit,choisir,lexical_2,usager,m,singular,aéroport,m,plural,dans,agence,f,plural,près de,True,1500,True,Normalize pre-verb pause and verb duration across conditions.
T233,5,R5_C16,R5_grammatical_SPP1PP2P_long,long,grammatical,Les avocats dans les universités près des agences finissent un dossier.,False,finissent,finissent,finir,lexical_2,avocat,m,plural,université,f,plural,dans,agence,f,plural,près de,True,1500,True,Normalize pre-verb pause and verb duration across conditions.
T234,5,R5_C10,R5_grammatical_SPP1SP2P_long,long,grammatical,Les animatrices dans l'amphithéâtre près des observatoires sont sereines.,False,sont,sont,être,copula,animatrice,f,plural,amphithéâtre,m,singular,dans,observatoire,m,plural,près de,True,1500,True,Normalize pre-verb pause and verb duration across conditions.
T235,5,R5_C13,R5_violation_SSP1SP2S_short,short,violation,"Dans l'usine, près de l'office, l'ouvrier sont serein.",False,est,sont,être,copula,ouvrier,m,singular,usine,f,singular,dans,office,m,singular,près de,True,1250,True,Normalize pre-verb pause and verb duration across conditions.
T236,5,R5_C16,R5_grammatical_SPP1PP2P_short,short,grammatical,"Dans les universités, près des agences, les avocats finissent un dossier.",False,finissent,finissent,finir,lexical_2,avocat,m,plural,université,f,plural,dans,agence,f,plural,près de,True,1000,True,Normalize pre-verb pause and verb duration across conditions.
T237,5,R5_C15,R5_violation_SSP1SP2P_short,short,violation,"Devant l'avenue, près des abris, l'aide prennent un bus.",False,prend,prennent,prendre,lexical_3,aide,f,singular,avenue,f,singular,devant,abri,m,plural,près de,True,2000,True,Normalize pre-verb pause and verb duration across conditions.
T238,5,R5_C07,R5_violation_SSP1PP2P_long,long,violation,L'éditeur dans les auditoriums devant les établissements sont serein.,False,est,sont,être,copula,éditeur,m,singular,auditorium,m,plural,dans,établissement,m,plural,devant,True,1750,True,Normalize pre-verb pause and verb duration across conditions.
T239,5,R5_C14,R5_violation_SPP1SP2S_long,long,violation,Les usagères dans l'aéroport près de l'avenue choisit un trajet.,False,choisissent,choisit,choisir,lexical_2,usagère,f,plural,aéroport,m,singular,dans,avenue,f,singular,près de,True,1000,True,Normalize pre-verb pause and verb duration across conditions.
T240,5,R5_C12,R5_violation_SPP1PP2S_medium,medium,violation,"Dans les écoles, les auteurs près de l'entrée lit un article.",False,lisent,lit,lire,lexical_3,auteur,m,plural,école,f,plural,dans,entrée,f,singular,près de,True,1500,True,Normalize pre-verb pause and verb duration across conditions.
T241,6,R6_C11,R6_violation_SSP1SP2P_long,long,violation,L'écrivain dans l'amphithéâtre devant les écoles lisent un article.,False,lit,lisent,lire,lexical_3,écrivain,m,singular,amphithéâtre,m,singular,dans,école,f,plural,devant,True,1500,True,Normalize pre-verb pause and verb duration across conditions.
T242,6,R6_C02,R6_violation_SSP1SP2S_long,long,violation,L'aide dans l'office près de l'établissement sont fiable.,False,est,sont,être,copula,aide,f,singular,office,m,singular,dans,établissement,m,singular,près de,True,1000,True,Normalize pre-verb pause and verb duration across conditions.
T243,6,R6_C01,R6_violation_SPP1SP2S_long,long,violation,Les auteurs dans l'école près de l'entrée est attentifs.,False,sont,est,être,copula,auteur,m,plural,école,f,singular,dans,entrée,f,singular,près de,True,2000,True,Normalize pre-verb pause and verb duration across conditions.
T244,6,R6_C12,R6_grammatical_SPP1SP2S_long,long,grammatical,Les usagères dans l'impasse près de l'abri choisissent un trajet.,False,choisissent,choisissent,choisir,lexical_2,usagère,f,plural,impasse,f,singular,dans,abri,m,singular,près de,True,1250,True,Normalize pre-verb pause and verb duration across conditions.
T245,6,R6_C04,R6_violation_SPP1SP2P_medium,medium,violation,"Dans l'université, les auteurs devant les établissements finit un article.",False,finissent,finit,finir,lexical_2,auteur,m,plural,université,f,singular,dans,établissement,m,plural,devant,True,1750,True,Normalize pre-verb pause and verb duration across conditions.
T246,6,R6_C13,R6_violation_SSP1PP2P_short,short,violation,"Dans les auditoriums, près des observatoires, l'acteur sont concentré.",False,est,sont,être,copula,acteur,m,singular,auditorium,m,plural,dans,observatoire,m,plural,près de,True,2000,True,Normalize pre-verb pause and verb duration across conditions.
T247,6,R6_C08,R6_violation_SPP1PP2S_long,long,violation,Les éditrices dans les immeubles près de l'établissement est concentrées.,False,sont,est,être,copula,éditrice,f,plural,immeuble,m,plural,dans,établissement,m,singular,près de,True,2000,True,Normalize pre-verb pause and verb duration across conditions.
T248,6,R6_C06,R6_grammatical_SSP1PP2P_short,short,grammatical,"Dans les impasses, près des abris, l'aide prend un bus.",False,prend,prend,prendre,lexical_3,aide,f,singular,impasse,f,plural,dans,abri,m,plural,près de,True,1250,True,Normalize pre-verb pause and verb duration across conditions.
T249,6,R6_C02,R6_violation_SSP1SP2S_short,short,violation,"Dans l'office, près de l'établissement, l'aide sont fiable.",False,est,sont,être,copula,aide,f,singular,office,m,singular,dans,établissement,m,singular,près de,True,1750,True,Normalize pre-verb pause and verb duration across conditions.
T250,6,R6_C12,R6_grammatical_SPP1SP2S_short,short,grammatical,"Dans l'impasse, près de l'abri, les usagères choisissent un trajet.",False,choisissent,choisissent,choisir,lexical_2,usagère,f,plural,impasse,f,singular,dans,abri,m,singular,près de,True,2000,True,Normalize pre-verb pause and verb duration across conditions.
T251,6,R6_C13,R6_violation_SSP1PP2P_long,long,violation,L'acteur dans les auditoriums près des observatoires sont concentré.,False,est,sont,être,copula,acteur,m,singular,auditorium,m,plural,dans,observatoire,m,plural,près de,True,1000,True,Normalize pre-verb pause and verb duration across conditions.
T252,6,R6_C07,R6_grammatical_SPP1PP2P_medium,medium,grammatical,"Dans les agences, les usagères près des abris sont calmes.",False,sont,sont,être,copula,usagère,f,plural,agence,f,plural,dans,abri,m,plural,près de,True,1750,True,Normalize pre-verb pause and verb duration across conditions.
T253,6,R6_C08,R6_violation_SPP1PP2S_medium,medium,violation,"Dans les immeubles, les éditrices près de l'établissement est concentrées.",False,sont,est,être,copula,éditrice,f,plural,immeuble,m,plural,dans,établissement,m,singular,près de,True,1250,True,Normalize pre-verb pause and verb duration across conditions.
T254,6,R6_C09,R6_grammatical_SSP1SP2P_long,long,grammatical,L'aide dans l'office près des agences réussit un projet.,False,réussit,réussit,réussir,lexical_2,aide,f,singular,office,m,singular,dans,agence,f,plural,près de,True,1000,True,Normalize pre-verb pause and verb duration across conditions.
T255,6,R6_C07,R6_grammatical_SPP1PP2P_short,short,grammatical,"Dans les agences, près des abris, les usagères sont calmes.",False,sont,sont,être,copula,usagère,f,plural,agence,f,plural,dans,abri,m,plural,près de,True,1250,True,Normalize pre-verb pause and verb duration across conditions.
T256,6,R6_C13,R6_violation_SSP1PP2P_medium,medium,violation,"Dans les auditoriums, l'acteur près des observatoires sont concentré.",False,est,sont,être,copula,acteur,m,singular,auditorium,m,plural,dans,observatoire,m,plural,près de,True,1750,True,Normalize pre-verb pause and verb duration across conditions.
T257,6,R6_C11,R6_violation_SSP1SP2P_medium,medium,violation,"Dans l'amphithéâtre, l'écrivain devant les écoles lisent un article.",False,lit,lisent,lire,lexical_3,écrivain,m,singular,amphithéâtre,m,singular,dans,école,f,plural,devant,True,1750,True,Normalize pre-verb pause and verb duration across conditions.
T258,6,R6_C07,R6_grammatical_SPP1PP2P_long,long,grammatical,Les usagères dans les agences près des abris sont calmes.,False,sont,sont,être,copula,usagère,f,plural,agence,f,plural,dans,abri,m,plural,près de,True,1250,True,Normalize pre-verb pause and verb duration across conditions.
T259,6,R6_C12,R6_grammatical_SPP1SP2S_medium,medium,grammatical,"Dans l'impasse, les usagères près de l'abri choisissent un trajet.",False,choisissent,choisissent,choisir,lexical_2,usagère,f,plural,impasse,f,singular,dans,abri,m,singular,près de,True,1750,True,Normalize pre-verb pause and verb duration across conditions.
T260,6,R6_C10,R6_grammatical_SPP1SP2P_short,short,grammatical,"Dans l'entrepôt, près des agences, les électriciens sont calmes.",False,sont,sont,être,copula,électricien,m,plural,entrepôt,m,singular,dans,agence,f,plural,près de,True,2000,True,Normalize pre-verb pause and verb duration across conditions.
T261,6,R6_C16,R6_violation_SPP1PP2P_long,long,violation,Les usagères dans les aéroports près des agences est sereines.,False,sont,est,être,copula,usagère,f,plural,aéroport,m,plural,dans,agence,f,plural,près de,True,1500,True,Normalize pre-verb pause and verb duration across conditions.
T262,6,R6_C04,R6_violation_SPP1SP2P_long,long,violation,Les auteurs dans l'université devant les établissements finit un article.,False,finissent,finit,finir,lexical_2,auteur,m,plural,université,f,singular,dans,établissement,m,plural,devant,True,1000,True,Normalize pre-verb pause and verb duration across conditions.
T263,6,R6_C03,R6_violation_SSP1PP2S_long,long,violation,L'ouvrière dans les ateliers près de l'usine finissent un dossier.,False,finit,finissent,finir,lexical_2,ouvrière,f,singular,atelier,m,plural,dans,usine,f,singular,près de,True,1250,True,Normalize pre-verb pause and verb duration across conditions.
T264,6,R6_C14,R6_grammatical_SSP1SP2S_short,short,grammatical,"Devant l'église, près de l'établissement, l'écrivain lit un article.",False,lit,lit,lire,lexical_3,écrivain,m,singular,église,f,singular,devant,établissement,m,singular,près de,True,2000,True,Normalize pre-verb pause and verb duration across conditions.
T265,6,R6_C16,R6_violation_SPP1PP2P_short,short,violation,"Dans les aéroports, près des agences, les usagères est sereines.",False,sont,est,être,copula,usagère,f,plural,aéroport,m,plural,dans,agence,f,plural,près de,True,1750,True,Normalize pre-verb pause and verb duration across conditions.
T266,6,R6_C15,R6_grammatical_SSP1PP2S_medium,medium,grammatical,"Dans les impasses, l'artisan près de l'avenue est calme.",False,est,est,être,copula,artisan,m,singular,impasse,f,plural,dans,avenue,f,singular,près de,True,2000,True,Normalize pre-verb pause and verb duration across conditions.
T267,6,R6_C10,R6_grammatical_SPP1SP2P_long,long,grammatical,Les électriciens dans l'entrepôt près des agences sont calmes.,False,sont,sont,être,copula,électricien,m,plural,entrepôt,m,singular,dans,agence,f,plural,près de,True,1000,True,Normalize pre-verb pause and verb duration across conditions.
T268,6,R6_C09,R6_grammatical_SSP1SP2P_short,short,grammatical,"Dans l'office, près des agences, l'aide réussit un projet.",False,réussit,réussit,réussir,lexical_2,aide,f,singular,office,m,singular,dans,agence,f,plural,près de,True,1500,True,Normalize pre-verb pause and verb duration across conditions.
T269,6,R6_C15,R6_grammatical_SSP1PP2S_long,long,grammatical,L'artisan dans les impasses près de l'avenue est calme.,False,est,est,être,copula,artisan,m,singular,impasse,f,plural,dans,avenue,f,singular,près de,True,1500,True,Normalize pre-verb pause and verb duration across conditions.
T270,6,R6_C04,R6_violation_SPP1SP2P_short,short,violation,"Dans l'université, devant les établissements, les auteurs finit un article.",False,finissent,finit,finir,lexical_2,auteur,m,plural,université,f,singular,dans,établissement,m,plural,devant,True,1250,True,Normalize pre-verb pause and verb duration across conditions.
T271,6,R6_C06,R6_grammatical_SSP1PP2P_medium,medium,grammatical,"Dans les impasses, l'aide près des abris prend un bus.",False,prend,prend,prendre,lexical_3,aide,f,singular,impasse,f,plural,dans,abri,m,plural,près de,True,1250,True,Normalize pre-verb pause and verb duration across conditions.
T272,6,R6_C01,R6_violation_SPP1SP2S_medium,medium,violation,"Dans l'école, les auteurs près de l'entrée est attentifs.",False,sont,est,être,copula,auteur,m,plural,école,f,singular,dans,entrée,f,singular,près de,True,1000,True,Normalize pre-verb pause and verb duration across conditions.
T273,6,R6_C14,R6_grammatical_SSP1SP2S_long,long,grammatical,L'écrivain devant l'église près de l'établissement lit un article.,False,lit,lit,lire,lexical_3,écrivain,m,singular,église,f,singular,devant,établissement,m,singular,près de,True,2000,True,Normalize pre-verb pause and verb duration across conditions.
T274,6,R6_C02,R6_violation_SSP1SP2S_medium,medium,violation,"Dans l'office, l'aide près de l'établissement sont fiable.",False,est,sont,être,copula,aide,f,singular,office,m,singular,dans,établissement,m,singular,près de,True,1000,True,Normalize pre-verb pause and verb duration across conditions.
T275,6,R6_C16,R6_violation_SPP1PP2P_medium,medium,violation,"Dans les aéroports, les usagères près des agences est sereines.",False,sont,est,être,copula,usagère,f,plural,aéroport,m,plural,dans,agence,f,plural,près de,True,1750,True,Normalize pre-verb pause and verb duration across conditions.
T276,6,R6_C15,R6_grammatical_SSP1PP2S_short,short,grammatical,"Dans les impasses, près de l'avenue, l'artisan est calme.",False,est,est,être,copula,artisan,m,singular,impasse,f,plural,dans,avenue,f,singular,près de,True,1750,True,Normalize pre-verb pause and verb duration across conditions.
T277,6,R6_C03,R6_violation_SSP1PP2S_medium,medium,violation,"Dans les ateliers, l'ouvrière près de l'usine finissent un dossier.",False,finit,finissent,finir,lexical_2,ouvrière,f,singular,atelier,m,plural,dans,usine,f,singular,près de,True,2000,True,Normalize pre-verb pause and verb duration across conditions.
T278,6,R6_C14,R6_grammatical_SSP1SP2S_medium,medium,grammatical,"Devant l'église, l'écrivain près de l'établissement lit un article.",False,lit,lit,lire,lexical_3,écrivain,m,singular,église,f,singular,devant,établissement,m,singular,près de,True,2000,True,Normalize pre-verb pause and verb duration across conditions.
T279,6,R6_C10,R6_grammatical_SPP1SP2P_medium,medium,grammatical,"Dans l'entrepôt, les électriciens près des agences sont calmes.",False,sont,sont,être,copula,électricien,m,plural,entrepôt,m,singular,dans,agence,f,plural,près de,True,1250,True,Normalize pre-verb pause and verb duration across conditions.
T280,6,R6_C05,R6_grammatical_SPP1PP2S_medium,medium,grammatical,"Dans les universités, les orateurs près de l'entrée lisent un article.",False,lisent,lisent,lire,lexical_3,orateur,m,plural,université,f,plural,dans,entrée,f,singular,près de,True,2000,True,Normalize pre-verb pause and verb duration across conditions.
T281,6,R6_C03,R6_violation_SSP1PP2S_short,short,violation,"Dans les ateliers, près de l'usine, l'ouvrière finissent un dossier.",False,finit,finissent,finir,lexical_2,ouvrière,f,singular,atelier,m,plural,dans,usine,f,singular,près de,True,1500,True,Normalize pre-verb pause and verb duration across conditions.
T282,6,R6_C05,R6_grammatical_SPP1PP2S_long,long,grammatical,Les orateurs dans les universités près de l'entrée lisent un article.,False,lisent,lisent,lire,lexical_3,orateur,m,plural,université,f,plural,dans,entrée,f,singular,près de,True,1750,True,Normalize pre-verb pause and verb duration across conditions.
T283,6,R6_C08,R6_violation_SPP1PP2S_short,short,violation,"Dans les immeubles, près de l'établissement, les éditrices est concentrées.",False,sont,est,être,copula,éditrice,f,plural,immeuble,m,plural,dans,établissement,m,singular,près de,True,1750,True,Normalize pre-verb pause and verb duration across conditions.
T284,6,R6_C05,R6_grammatical_SPP1PP2S_short,short,grammatical,"Dans les universités, près de l'entrée, les orateurs lisent un article.",False,lisent,lisent,lire,lexical_3,orateur,m,plural,université,f,plural,dans,entrée,f,singular,près de,True,1250,True,Normalize pre-verb pause and verb duration across conditions.
T285,6,R6_C01,R6_violation_SPP1SP2S_short,short,violation,"Dans l'école, près de l'entrée, les auteurs est attentifs.",False,sont,est,être,copula,auteur,m,plural,école,f,singular,dans,entrée,f,singular,près de,True,1750,True,Normalize pre-verb pause and verb duration across conditions.
T286,6,R6_C06,R6_grammatical_SSP1PP2P_long,long,grammatical,L'aide dans les impasses près des abris prend un bus.,False,prend,prend,prendre,lexical_3,aide,f,singular,impasse,f,plural,dans,abri,m,plural,près de,True,1750,True,Normalize pre-verb pause and verb duration across conditions.
T287,6,R6_C11,R6_violation_SSP1SP2P_short,short,violation,"Dans l'amphithéâtre, devant les écoles, l'écrivain lisent un article.",False,lit,lisent,lire,lexical_3,écrivain,m,singular,amphithéâtre,m,singular,dans,école,f,plural,devant,True,1250,True,Normalize pre-verb pause and verb duration across conditions.
T288,6,R6_C09,R6_grammatical_SSP1SP2P_medium,medium,grammatical,"Dans l'office, l'aide près des agences réussit un projet.",False,réussit,réussit,réussir,lexical_2,aide,f,singular,office,m,singular,dans,agence,f,plural,près de,True,1250,True,Normalize pre-verb pause and verb duration across conditions.
